---------------------------------------------------------------------
--						TELEFONOS
---------------------------------------------------------------------

insert into Telefono (Id, Numero) values (1, '994654888');
insert into Telefono (Id, Numero) values (2, '413695464');
insert into Telefono (Id, Numero) values (3, '674307854');
insert into Telefono (Id, Numero) values (4, '932609134');
insert into Telefono (Id, Numero) values (5, '730261709');
insert into Telefono (Id, Numero) values (6, '146435202');
insert into Telefono (Id, Numero) values (7, '881861449');
insert into Telefono (Id, Numero) values (8, '202623878');
insert into Telefono (Id, Numero) values (9, '810967981');
insert into Telefono (Id, Numero) values (10, '754882195');
insert into Telefono (Id, Numero) values (11, '707538705');
insert into Telefono (Id, Numero) values (12, '258534929');
insert into Telefono (Id, Numero) values (13, '821432321');
insert into Telefono (Id, Numero) values (14, '789815780');
insert into Telefono (Id, Numero) values (15, '405201331');
insert into Telefono (Id, Numero) values (16, '166839223');
insert into Telefono (Id, Numero) values (17, '273252615');
insert into Telefono (Id, Numero) values (18, '347502553');
insert into Telefono (Id, Numero) values (19, '512623283');
insert into Telefono (Id, Numero) values (20, '895284651');
insert into Telefono (Id, Numero) values (21, '721167000');
insert into Telefono (Id, Numero) values (22, '750170175');
insert into Telefono (Id, Numero) values (23, '802635695');
insert into Telefono (Id, Numero) values (24, '101920553');
insert into Telefono (Id, Numero) values (25, '535918620');
insert into Telefono (Id, Numero) values (26, '917289160');
insert into Telefono (Id, Numero) values (27, '454905889');
insert into Telefono (Id, Numero) values (28, '228128226');
insert into Telefono (Id, Numero) values (29, '202108580');
insert into Telefono (Id, Numero) values (30, '647159310');
insert into Telefono (Id, Numero) values (31, '189433898');
insert into Telefono (Id, Numero) values (32, '594219111');

---------------------------------------------------------------------
--						CLIENTES
---------------------------------------------------------------------
insert into Cliente (Id , Nombre , IdTelefono, NumeroCuenta) values (1, 'Juan Lopez', 1, '4551386334261604');
insert into Cliente (Id , Nombre , IdTelefono, NumeroCuenta) values (2, 'Luis Garcia', 2, '4551386334261603');
insert into Cliente (Id , Nombre , IdTelefono, NumeroCuenta) values (3, 'Maria Perez', 3, '4551386334261602');
insert into Cliente (Id , Nombre , IdTelefono, NumeroCuenta) values (4, 'Pedro Mendez', 4, '4551386334261601');
insert into Cliente (Id , Nombre , IdTelefono, NumeroCuenta) values (5, 'Ana Ruiz', 5, '4551386334261600');
insert into Cliente (Id , Nombre , IdTelefono, NumeroCuenta) values (6, 'Jorge Vega', 6, '4551386334261599');
insert into Cliente (Id , Nombre , IdTelefono, NumeroCuenta) values (7, 'Sofia Mora', 7, '4551386334261598');
insert into Cliente (Id , Nombre , IdTelefono, NumeroCuenta) values (8, 'Diego Hernandez', 8, '4551386334261597');
insert into Cliente (Id , Nombre , IdTelefono, NumeroCuenta) values (9, 'Carolina Castro', 9, '4551386334261596');
insert into Cliente (Id , Nombre , IdTelefono, NumeroCuenta) values (10, 'Santiago Sanchez', 10, '4551386334261595');
insert into Cliente (Id , Nombre , IdTelefono, NumeroCuenta) values (11, 'Valentina Gonzalez', 11, '4551386334261594');
insert into Cliente (Id , Nombre , IdTelefono, NumeroCuenta) values (12, 'Camilo Rodriguez', 12, '4551386334261593');
insert into Cliente (Id , Nombre , IdTelefono, NumeroCuenta) values (13, 'Daniela Martinez', 13, '4551386334261592');
insert into Cliente (Id , Nombre , IdTelefono, NumeroCuenta) values (14, 'Andres Ramirez', 14, '4551386334261591');
insert into Cliente (Id , Nombre , IdTelefono, NumeroCuenta) values (15, 'Estefania Diaz', 15, '4551386334261590');
insert into Cliente (Id , Nombre , IdTelefono, NumeroCuenta) values (16, 'Camilo Gonzalez', 16, '4551386334261605');
insert into Cliente (Id , Nombre , IdTelefono, NumeroCuenta) values (17, 'Sofia Rodriguez', 17, '4551386334261606');
insert into Cliente (Id , Nombre , IdTelefono, NumeroCuenta) values (18, 'Maria Martinez', 18, '4551386334261607');
insert into Cliente (Id , Nombre , IdTelefono, NumeroCuenta) values (19, 'Juan Ramirez', 19, '4551386334261608');
insert into Cliente (Id , Nombre , IdTelefono, NumeroCuenta) values (20, 'Diego Diaz', 20, '4551386334261609');

---------------------------------------------------------------------
--						Alimento
---------------------------------------------------------------------
INSERT INTO Alimento (Id, Nombre, Descripcion, Precio) VALUES (1, 'Ensalada César', 'Ensalada de lechuga romana con aderezo de anchoas', 9.99);
INSERT INTO Alimento (Id, Nombre, Descripcion, Precio) VALUES (2, 'Pizza Margarita', 'Pizza de tomate, mozzarella y albahaca', 12.99);
INSERT INTO Alimento (Id, Nombre, Descripcion, Precio) VALUES (3, 'Filete de salmón', 'Salmón a la parrilla con salsa de limón y hierbas', 18.99);
INSERT INTO Alimento (Id, Nombre, Descripcion, Precio) VALUES (4, 'Pasta Carbonara', 'Pasta con salsa de huevo, panceta, queso parmesano', 14.99);
INSERT INTO Alimento (Id, Nombre, Descripcion, Precio) VALUES (5, 'Hamburguesa clásica', 'Hamburguesa con carne de res, queso cheddar, lechuga', 10.99);
INSERT INTO Alimento (Id, Nombre, Descripcion, Precio) VALUES (6, 'Sopa de tomate', 'Sopa de tomate casera con hierbas frescas y croutons', 7.99);
INSERT INTO Alimento (Id, Nombre, Descripcion, Precio) VALUES (7, 'Lasaña vegetariana', 'Lasaña de vegetales asados, queso ricotta y salsa de tomate', 15.99);
INSERT INTO Alimento (Id, Nombre, Descripcion, Precio) VALUES (8, 'Tacos de pescado', 'Tacos de pescado frito con ensalada de col', 13.99);
INSERT INTO Alimento (Id, Nombre, Descripcion, Precio) VALUES (9, 'Pollo al horno', 'Pollo asado con patatas y vegetales asados', 16.99);
INSERT INTO Alimento (Id, Nombre, Descripcion, Precio) VALUES (10, 'Salmón con costra de almendras', 'Salmón a la parrilla con costra de almendras', 19.99);
INSERT INTO Alimento (Id, Nombre, Descripcion, Precio) VALUES (11, 'Pasta bolognesa', 'Pasta con salsa de carne de res, tomate, ajo y hierbas', 14.99);
INSERT INTO Alimento (Id, Nombre, Descripcion, Precio) VALUES (12, 'Wrap de pollo', 'Wrap con pollo a la parrilla, lechuga, tomate', 9.99);
INSERT INTO Alimento (Id, Nombre, Descripcion, Precio) VALUES (13, 'Hamburguesa vegetariana', 'Hamburguesa vegetariana con queso de cabra', 11.99);
INSERT INTO Alimento (Id, Nombre, Descripcion, Precio) VALUES (14, 'Costillas de cerdo', 'Costillas de cerdo a la barbacoa con puré de patatas', 18.99);
INSERT INTO Alimento (Id, Nombre, Descripcion, Precio) VALUES (15, 'Tarta de queso', 'Tarta de queso casera con salsa de frutos rojos', 6.99);
INSERT INTO Alimento (Id, Nombre, Descripcion, Precio) VALUES (16, 'Refresco de cola', 'Refresco carbonatado con sabor a cola', 2.50);
INSERT INTO Alimento (Id, Nombre, Descripcion, Precio) VALUES (17, 'Agua mineral', 'Agua mineral natural', 1.50);
INSERT INTO Alimento (Id, Nombre, Descripcion, Precio) VALUES (18, 'Jugo de naranja', 'Jugo de naranja recién exprimido', 3.50);
INSERT INTO Alimento (Id, Nombre, Descripcion, Precio) VALUES (19, 'Cerveza IPA', 'Cerveza artesanal India Pale Ale', 5.00);
INSERT INTO Alimento (Id, Nombre, Descripcion, Precio) VALUES (20, 'Vino tinto', 'Vino tinto reserva de la casa', 8.00);
---------------------------------------------------------------------
--						Local
---------------------------------------------------------------------
INSERT INTO Local (Id, Nombre, Direccion, Telefono) VALUES (1, 'PankiFood', 'Calle de la Rosa, 12', '123456789');
INSERT INTO Local (Id, Nombre, Direccion, Telefono) VALUES (2, 'PankiFood', 'Avenida del Sol, 8', '987654321');
INSERT INTO Local (Id, Nombre, Direccion, Telefono) VALUES (3, 'PankiFood', 'Plaza de la Libertad, 3', '555222333');

---------------------------------------------------------------------
--						Ventanilla 
---------------------------------------------------------------------
INSERT INTO Ventanilla (Id, IdLocal) VALUES (1, 1);
INSERT INTO Ventanilla (Id, IdLocal) VALUES (2, 1);
INSERT INTO Ventanilla (Id, IdLocal) VALUES (3, 2);
INSERT INTO Ventanilla (Id, IdLocal) VALUES (4, 2);
INSERT INTO Ventanilla (Id, IdLocal) VALUES (5, 3);
INSERT INTO Ventanilla (Id, IdLocal) VALUES (6, 3);

---------------------------------------------------------------------
--						Horario 
---------------------------------------------------------------------
INSERT INTO Horario (Id, Inicio, Fin) VALUES (1, TO_TIMESTAMP('07:00:00', 'HH24:MI:SS'), TO_TIMESTAMP('15:00:00', 'HH24:MI:SS'));
INSERT INTO Horario (Id, Inicio, Fin) VALUES (2, TO_TIMESTAMP('15:00:00', 'HH24:MI:SS'), TO_TIMESTAMP('23:00:00', 'HH24:MI:SS'));
INSERT INTO Horario (Id, Inicio, Fin) VALUES (3, TO_TIMESTAMP('23:00:00', 'HH24:MI:SS'), TO_TIMESTAMP('07:00:00', 'HH24:MI:SS'));
----------RESERVAS
INSERT INTO Horario (Id, Inicio, Fin) VALUES (4, TO_TIMESTAMP('12:00:00', 'HH24:MI:SS'), TO_TIMESTAMP('20:00:00', 'HH24:MI:SS'));
----------GERENTE
INSERT INTO Horario (Id, Inicio, Fin) VALUES (5, TO_TIMESTAMP('08:00:00', 'HH24:MI:SS'), TO_TIMESTAMP('20:00:00', 'HH24:MI:SS'));


---------------------------------------------------------------------
--						PUESTO
---------------------------------------------------------------------

insert into Puesto (Id, Nombre) values (1, 'Gerente');
insert into Puesto (Id, Nombre) values (2, 'Express');
insert into Puesto (Id, Nombre) values (3, 'Reservas');

---------------------------------------------------------------------
--						EMPLEADOS
---------------------------------------------------------------------
----------------GERENTES
insert into Empleado (Id , Nombre , IdTelefono, IdLocal, IdPuesto) values (1, 'Juan Jose Bedregal', 21, 1, 1);
insert into Empleado (Id , Nombre , IdTelefono, IdLocal, IdPuesto) values (2, 'Maria Rodriguez', 22, 2, 1);
insert into Empleado (Id , Nombre , IdTelefono, IdLocal, IdPuesto) values (3, 'Pedro Gomez', 23, 3, 1);
----------------RESERVAS
insert into Empleado (Id , Nombre , IdTelefono, IdLocal, IdPuesto) values (4, 'Luisa Martinez', 24, 1, 3);
insert into Empleado (Id , Nombre , IdTelefono, IdLocal, IdPuesto) values (5, 'Javier Hernandez', 25, 2, 3);
insert into Empleado (Id , Nombre , IdTelefono, IdLocal, IdPuesto) values (6, 'Ana Garcia', 26, 3, 3);
----------------EXPRESSS
insert into Empleado (Id , Nombre , IdTelefono, IdLocal, IdPuesto) values (7, 'Roberto Fernandez', 27, 1, 2);
insert into Empleado (Id , Nombre , IdTelefono, IdLocal, IdPuesto) values (8, 'Sara Perez', 28, 1, 2);
insert into Empleado (Id , Nombre , IdTelefono, IdLocal, IdPuesto) values (9, 'Diego Soto', 29, 1, 2);
insert into Empleado (Id , Nombre , IdTelefono, IdLocal, IdPuesto) values (10, 'Marta Lopez', 30, 1, 2);

insert into Empleado (Id , Nombre , IdTelefono, IdLocal, IdPuesto) values (11, 'Hugo Ramirez', 31, 2, 2);
insert into Empleado (Id , Nombre , IdTelefono, IdLocal, IdPuesto) values (12, 'Julia Torres', 32, 2, 2);
insert into Empleado (Id , Nombre , IdTelefono, IdLocal, IdPuesto) values (13, 'Marta Lopez', 30, 2, 2);
insert into Empleado (Id , Nombre , IdTelefono, IdLocal, IdPuesto) values (14, 'Hugo Ramirez', 31, 2, 2);

insert into Empleado (Id , Nombre , IdTelefono, IdLocal, IdPuesto) values (15, 'Julia Torres', 32, 3, 2);
insert into Empleado (Id , Nombre , IdTelefono, IdLocal, IdPuesto) values (16, 'Marta Lopez', 30, 3, 2);
insert into Empleado (Id , Nombre , IdTelefono, IdLocal, IdPuesto) values (17, 'Hugo Ramirez', 31, 3, 2);
insert into Empleado (Id , Nombre , IdTelefono, IdLocal, IdPuesto) values (18, 'Julia Torres', 32, 3, 2);

---------------------------------------------------------------------
--						EMPLEADO-HORARIOS
---------------------------------------------------------------------

insert into EmpleadoHorario (IdEmpleado, IdHorario) values (1, 5);
insert into EmpleadoHorario (IdEmpleado, IdHorario) values (2, 5);
insert into EmpleadoHorario (IdEmpleado, IdHorario) values (3, 5);

insert into EmpleadoHorario (IdEmpleado, IdHorario) values (4, 4);
insert into EmpleadoHorario (IdEmpleado, IdHorario) values (5, 4);
insert into EmpleadoHorario (IdEmpleado, IdHorario) values (6, 4);

insert into EmpleadoHorario (IdEmpleado, IdHorario) values (7, 1);
insert into EmpleadoHorario (IdEmpleado, IdHorario) values (8, 2);
insert into EmpleadoHorario (IdEmpleado, IdHorario) values (9, 1);
insert into EmpleadoHorario (IdEmpleado, IdHorario) values (10, 2);

insert into EmpleadoHorario (IdEmpleado, IdHorario) values (11, 1);
insert into EmpleadoHorario (IdEmpleado, IdHorario) values (12, 2);
insert into EmpleadoHorario (IdEmpleado, IdHorario) values (13, 1);
insert into EmpleadoHorario (IdEmpleado, IdHorario) values (14, 2);

insert into EmpleadoHorario (IdEmpleado, IdHorario) values (15, 1);
insert into EmpleadoHorario (IdEmpleado, IdHorario) values (16, 2);
insert into EmpleadoHorario (IdEmpleado, IdHorario) values (17, 1);
insert into EmpleadoHorario (IdEmpleado, IdHorario) values (17, 2);
insert into EmpleadoHorario (IdEmpleado, IdHorario) values (18, 3);

---------------------------------------------------------------------
--						CAJERO 
---------------------------------------------------------------------

insert into Cajero (Id, IdVentanilla) values (7, 1);
insert into Cajero (Id, IdVentanilla) values (8, 1);
insert into Cajero (Id, IdVentanilla) values (9, 2);
insert into Cajero (Id, IdVentanilla) values (10, 2);

insert into Cajero (Id, IdVentanilla) values (11, 3);
insert into Cajero (Id, IdVentanilla) values (12, 3);
insert into Cajero (Id, IdVentanilla) values (13, 4);
insert into Cajero (Id, IdVentanilla) values (14, 4);

insert into Cajero (Id, IdVentanilla) values (15, 5);
insert into Cajero (Id, IdVentanilla) values (16, 5);
insert into Cajero (Id, IdVentanilla) values (17, 6);
insert into Cajero (Id, IdVentanilla) values (18, 6);

---------------------------------------------------------------------
--						MESAS 
---------------------------------------------------------------------
insert into Mesa (Id, IdLocal) values (1, 1);
insert into Mesa (Id, IdLocal) values (2, 1);
insert into Mesa (Id, IdLocal) values (3, 1);
insert into Mesa (Id, IdLocal) values (4, 1);
insert into Mesa (Id, IdLocal) values (5, 1);
insert into Mesa (Id, IdLocal) values (6, 1);
insert into Mesa (Id, IdLocal) values (7, 2);
insert into Mesa (Id, IdLocal) values (8, 2);
insert into Mesa (Id, IdLocal) values (9, 2);
insert into Mesa (Id, IdLocal) values (10, 2);
insert into Mesa (Id, IdLocal) values (11, 2);
insert into Mesa (Id, IdLocal) values (12, 2);
insert into Mesa (Id, IdLocal) values (13, 3);
insert into Mesa (Id, IdLocal) values (14, 3);
insert into Mesa (Id, IdLocal) values (15, 3);
insert into Mesa (Id, IdLocal) values (16, 3);
insert into Mesa (Id, IdLocal) values (17, 3);
insert into Mesa (Id, IdLocal) values (18, 3);


-- TO_TIMESTAMP('07:00:00', 'HH24:MI:SS')
---------------------------------------------------------------------
--						Reserva 
---------------------------------------------------------------------
INSERT INTO Reserva (Id, IdCliente, IdLocal, Fecha, HoraInicio, HoraFin, PrecioFinal) 
SELECT 1, 1, 2, TO_DATE('2023-04-12', 'YYYY-MM-DD'), TO_TIMESTAMP('14:00:00', 'HH24:MI:SS'), TO_TIMESTAMP('16:00:00', 'HH24:MI:SS'), 40.0 FROM dual UNION ALL
SELECT 2, 2, 3, TO_DATE('2023-04-13', 'YYYY-MM-DD'), TO_TIMESTAMP('17:00:00', 'HH24:MI:SS'), TO_TIMESTAMP('19:00:00', 'HH24:MI:SS'), 50.0 FROM dual UNION ALL
SELECT 3, 1, 1, TO_DATE('2023-04-14', 'YYYY-MM-DD'), TO_TIMESTAMP('10:00:00', 'HH24:MI:SS'), TO_TIMESTAMP('12:00:00', 'HH24:MI:SS'), 30.0 FROM dual UNION ALL
SELECT 4, 3, 2, TO_DATE('2023-04-15', 'YYYY-MM-DD'), TO_TIMESTAMP('13:00:00', 'HH24:MI:SS'), TO_TIMESTAMP('15:00:00', 'HH24:MI:SS'), 45.0 FROM dual UNION ALL
SELECT 5, 2, 1, TO_DATE('2023-04-16', 'YYYY-MM-DD'), TO_TIMESTAMP('16:00:00', 'HH24:MI:SS'), TO_TIMESTAMP('18:00:00', 'HH24:MI:SS'), 35.0 FROM dual UNION ALL
SELECT 6, 4, 3, TO_DATE('2023-04-17', 'YYYY-MM-DD'), TO_TIMESTAMP('11:00:00', 'HH24:MI:SS'), TO_TIMESTAMP('13:00:00', 'HH24:MI:SS'), 55.0 FROM dual UNION ALL
SELECT 7, 3, 1, TO_DATE('2023-04-18', 'YYYY-MM-DD'), TO_TIMESTAMP('14:00:00', 'HH24:MI:SS'), TO_TIMESTAMP('16:00:00', 'HH24:MI:SS'), 30.0 FROM dual UNION ALL
SELECT 8, 4, 2, TO_DATE('2023-04-19', 'YYYY-MM-DD'), TO_TIMESTAMP('15:00:00', 'HH24:MI:SS'), TO_TIMESTAMP('17:00:00', 'HH24:MI:SS'), 50.0 FROM dual UNION ALL
SELECT 9, 2, 3, TO_DATE('2023-04-20', 'YYYY-MM-DD'), TO_TIMESTAMP('18:00:00', 'HH24:MI:SS'), TO_TIMESTAMP('20:00:00', 'HH24:MI:SS'), 60.0 FROM dual UNION ALL
SELECT 10, 1, 1, TO_DATE('2023-04-21', 'YYYY-MM-DD'), TO_TIMESTAMP('9:00:00', 'HH24:MI:SS'), TO_TIMESTAMP('11:00:00', 'HH24:MI:SS'), 25.0 FROM dual;
---------------------------------------------------------------------
--						Orden
---------------------------------------------------------------------

INSERT INTO Orden (Id, IdVentanilla, IdCliente, Fecha, Hora) VALUES
(1, 3, 1, TO_DATE('2023-04-10', 'yyyy-mm-dd'), TO_TIMESTAMP('12:30:00', 'HH24:MI:SS'));

INSERT INTO Orden (Id, IdVentanilla, IdCliente, Fecha, Hora) VALUES
(2, 1, 2, TO_DATE('2023-04-10', 'yyyy-mm-dd'), TO_TIMESTAMP('13:45:00', 'HH24:MI:SS'));

INSERT INTO Orden (Id, IdVentanilla, IdCliente, Fecha, Hora) VALUES
(3, 2, 3, TO_DATE('2023-04-10', 'yyyy-mm-dd'), TO_TIMESTAMP('14:00:00', 'HH24:MI:SS'));

INSERT INTO Orden (Id, IdVentanilla, IdCliente, Fecha, Hora) VALUES
(4, 3, 4, TO_DATE('2023-04-11', 'yyyy-mm-dd'), TO_TIMESTAMP('12:15:00', 'HH24:MI:SS'));

INSERT INTO Orden (Id, IdVentanilla, IdCliente, Fecha, Hora) VALUES
(5, 1, 5, TO_DATE('2023-04-11', 'yyyy-mm-dd'), TO_TIMESTAMP('13:30:00', 'HH24:MI:SS'));

INSERT INTO Orden (Id, IdVentanilla, IdCliente, Fecha, Hora) VALUES
(6, 2, 6, TO_DATE('2023-04-11', 'yyyy-mm-dd'), TO_TIMESTAMP('14:00:00', 'HH24:MI:SS'));

INSERT INTO Orden (Id, IdVentanilla, IdCliente, Fecha, Hora) VALUES
(7, 3, 7, TO_DATE('2023-04-12', 'yyyy-mm-dd'), TO_TIMESTAMP('12:45:00', 'HH24:MI:SS'));

INSERT INTO Orden (Id, IdVentanilla, IdCliente, Fecha, Hora) VALUES
(8, 2, 8, TO_DATE('2023-04-12', 'yyyy-mm-dd'), TO_TIMESTAMP('13:15:00', 'HH24:MI:SS'));

INSERT INTO Orden (Id, IdVentanilla, IdCliente, Fecha, Hora) VALUES
(9, 1, 9, TO_DATE('2023-04-12', 'yyyy-mm-dd'), TO_TIMESTAMP('14:30:00', 'HH24:MI:SS'));

INSERT INTO Orden (Id, IdVentanilla, IdCliente, Fecha, Hora) VALUES
(10, 2, 10, TO_DATE('2023-04-12', 'yyyy-mm-dd'), TO_TIMESTAMP('15:00:00', 'HH24:MI:SS'));

---------------------------------------------------------------------
--						OrdenAlimentos
---------------------------------------------------------------------


INSERT INTO OrdenAlimentos (IdOrden, IdAlimento) VALUES (1,5);
INSERT INTO OrdenAlimentos (IdOrden, IdAlimento) VALUES (2,9);
INSERT INTO OrdenAlimentos (IdOrden, IdAlimento) VALUES (3,2);
INSERT INTO OrdenAlimentos (IdOrden, IdAlimento) VALUES (4,14);
INSERT INTO OrdenAlimentos (IdOrden, IdAlimento) VALUES (5,7);
INSERT INTO OrdenAlimentos (IdOrden, IdAlimento) VALUES (6,16);
INSERT INTO OrdenAlimentos (IdOrden, IdAlimento) VALUES (7,10);
INSERT INTO OrdenAlimentos (IdOrden, IdAlimento) VALUES (8,18);
INSERT INTO OrdenAlimentos (IdOrden, IdAlimento) VALUES (9,13);
INSERT INTO OrdenAlimentos (IdOrden, IdAlimento) VALUES (10,3);



select * from Telefono ;
select * from Cliente;
select * from Alimento ;
select * from Local ;
select * from Puesto;
select * from Empleado;
select * from Ventanilla;
select * from Horario ;
select * from EmpleadoHorario ;
select * from Cajero ;
select * from Orden ;
select * from OrdenAlimentos ;
select * from Reserva ;
select * from Mesa  ;
select * from ReservaMesas;





